               epoch,      train/box_loss,      train/obj_loss,      train/cls_loss,   metrics/precision,      metrics/recall,     metrics/mAP_0.5,metrics/mAP_0.5:0.95,        val/box_loss,        val/obj_loss,        val/cls_loss,               x/lr0,               x/lr1,               x/lr2
                   0,             0.11414,            0.034595,            0.027223,           0.0034064,             0.41026,             0.02714,           0.0055809,             0.10046,            0.026371,             0.02298,              0.0892,              0.0012,              0.0012
                   1,            0.095965,            0.038159,            0.019175,             0.55083,             0.20513,            0.047338,             0.01203,            0.091477,            0.024853,            0.016479,            0.077475,           0.0024753,           0.0024753
                   2,            0.090938,            0.036048,             0.01382,             0.70224,             0.19231,             0.16231,            0.034238,            0.088876,            0.022488,            0.013075,            0.065725,           0.0037248,           0.0037248
                   3,            0.083067,            0.031156,           0.0089357,             0.74304,             0.28205,             0.25098,             0.10408,            0.084782,             0.02494,            0.010836,            0.053949,           0.0049485,           0.0049485
                   4,            0.082627,            0.028544,            0.007996,             0.68516,             0.33333,             0.23238,             0.11252,             0.08961,            0.019699,            0.008651,            0.042147,           0.0061466,           0.0061466
                   5,            0.083281,            0.030711,           0.0072561,             0.77774,             0.28205,             0.28299,            0.092416,            0.074362,            0.020233,           0.0070877,            0.030319,           0.0073188,           0.0073188
                   6,            0.076195,            0.031513,            0.006203,             0.65464,             0.25641,               0.142,            0.037697,            0.083816,            0.018375,           0.0060944,            0.018465,           0.0084654,           0.0084654
                   7,            0.078915,            0.028552,           0.0060523,             0.74898,             0.41026,             0.31826,             0.14925,            0.079146,            0.016903,           0.0050011,            0.009307,            0.009307,            0.009307
                   8,             0.07552,            0.025112,           0.0052679,             0.56309,             0.55645,             0.35825,             0.11552,            0.075793,            0.016537,           0.0040421,            0.009307,            0.009307,            0.009307
                   9,            0.070891,            0.026519,           0.0049764,             0.77857,              0.4359,             0.45277,             0.19552,            0.063121,            0.016415,           0.0036972,            0.009208,            0.009208,            0.009208
                  10,            0.065317,            0.023266,           0.0047023,             0.70735,             0.38462,             0.30579,             0.10643,            0.069563,            0.016373,           0.0038292,            0.009109,            0.009109,            0.009109
                  11,              0.0605,            0.023847,           0.0045008,             0.91006,             0.40916,             0.56511,             0.26474,            0.058199,            0.014263,           0.0034943,             0.00901,             0.00901,             0.00901
                  12,             0.05907,            0.022784,           0.0041879,             0.41137,             0.62607,             0.51912,             0.17395,            0.060417,            0.013964,           0.0032539,            0.008911,            0.008911,            0.008911
                  13,            0.054517,            0.021556,           0.0042074,             0.36273,             0.65491,              0.5345,             0.25267,            0.059068,            0.012838,           0.0030571,            0.008812,            0.008812,            0.008812
                  14,            0.054143,            0.019416,           0.0037984,             0.48699,             0.73825,             0.64402,             0.24004,            0.057682,            0.012604,           0.0032295,            0.008713,            0.008713,            0.008713
                  15,            0.051631,            0.018288,           0.0037498,             0.65068,             0.64103,             0.71804,             0.35286,            0.052367,            0.012127,           0.0030251,            0.008614,            0.008614,            0.008614
                  16,            0.050204,            0.017241,           0.0032422,             0.44291,             0.80662,             0.64389,             0.25474,            0.052332,             0.01269,              0.0028,            0.008515,            0.008515,            0.008515
                  17,            0.049918,             0.01943,           0.0040163,             0.61206,             0.72436,             0.76057,             0.38441,            0.050099,            0.011475,           0.0029961,            0.008416,            0.008416,            0.008416
                  18,            0.046455,            0.019031,            0.003381,             0.58167,              0.7938,             0.74203,             0.40509,            0.042409,            0.011341,           0.0028244,            0.008317,            0.008317,            0.008317
                  19,            0.043763,            0.017813,           0.0033453,             0.56868,             0.75214,             0.66488,             0.33679,            0.045396,            0.011557,           0.0023277,            0.008218,            0.008218,            0.008218
                  20,            0.044272,            0.018948,            0.003108,              0.7578,             0.73259,             0.74685,             0.38775,            0.041159,            0.011032,           0.0023674,            0.008119,            0.008119,            0.008119
                  21,              0.0438,            0.018579,           0.0029559,               0.755,             0.73932,             0.79334,             0.47812,            0.039658,            0.011353,           0.0024094,             0.00802,             0.00802,             0.00802
                  22,            0.042055,            0.016878,             0.00303,             0.73254,             0.73932,             0.73466,              0.3936,            0.039194,            0.010963,           0.0024109,            0.007921,            0.007921,            0.007921
                  23,            0.041652,            0.017708,           0.0028205,             0.60291,              0.7938,             0.76114,             0.41364,            0.042682,            0.010843,           0.0023602,            0.007822,            0.007822,            0.007822
                  24,             0.04155,            0.016047,           0.0028975,             0.77841,             0.76603,             0.79643,             0.45424,            0.039883,            0.010944,           0.0025547,            0.007723,            0.007723,            0.007723
                  25,            0.039738,            0.016044,           0.0026655,             0.84421,             0.77991,             0.83678,             0.46061,             0.04165,            0.010777,           0.0025082,            0.007624,            0.007624,            0.007624
                  26,            0.038607,             0.01535,           0.0026071,             0.87987,             0.78098,             0.86503,             0.53867,            0.032747,            0.010517,           0.0025455,            0.007525,            0.007525,            0.007525
                  27,            0.036086,            0.015371,           0.0022248,             0.70283,             0.78098,             0.77621,             0.43596,            0.039739,            0.010616,           0.0027878,            0.007426,            0.007426,            0.007426
                  28,            0.037796,            0.016491,           0.0023944,             0.90174,             0.77494,             0.81407,             0.49829,            0.035731,            0.010534,           0.0029282,            0.007327,            0.007327,            0.007327
                  29,            0.037341,            0.015949,           0.0024299,             0.85921,             0.69765,             0.78211,             0.46487,              0.0391,            0.010965,           0.0029823,            0.007228,            0.007228,            0.007228
                  30,            0.034538,            0.015365,           0.0022574,             0.86722,             0.79487,              0.8324,             0.52092,            0.032189,            0.010695,           0.0030846,            0.007129,            0.007129,            0.007129
                  31,            0.034745,            0.015697,           0.0022263,             0.72263,             0.76462,              0.7539,             0.42111,            0.041559,            0.011553,           0.0031708,             0.00703,             0.00703,             0.00703
                  32,            0.035688,            0.013953,           0.0020674,             0.82626,             0.83322,             0.80019,             0.50603,            0.033922,            0.011459,           0.0034821,            0.006931,            0.006931,            0.006931
                  33,            0.033829,            0.015952,            0.002162,             0.83019,             0.82107,             0.80746,             0.47344,            0.037107,            0.011026,           0.0030632,            0.006832,            0.006832,            0.006832
                  34,            0.033665,             0.01416,           0.0018893,             0.89014,             0.82707,              0.8687,             0.56195,             0.03209,            0.010756,           0.0029804,            0.006733,            0.006733,            0.006733
                  35,            0.034825,            0.015933,           0.0021433,             0.86611,             0.75821,             0.84912,             0.53736,            0.036038,             0.01042,           0.0030941,            0.006634,            0.006634,            0.006634
                  36,            0.033818,            0.014898,           0.0021784,             0.88029,             0.77665,             0.84103,             0.55118,            0.032059,            0.010309,           0.0035027,            0.006535,            0.006535,            0.006535
                  37,            0.032575,            0.015039,           0.0020042,             0.93795,             0.80876,             0.84685,              0.4901,            0.036466,            0.010727,           0.0031868,            0.006436,            0.006436,            0.006436
                  38,            0.030974,            0.014306,           0.0018419,             0.90971,              0.8429,             0.87263,             0.55003,            0.030419,            0.010532,           0.0031799,            0.006337,            0.006337,            0.006337
                  39,            0.031587,            0.014062,           0.0019976,             0.91095,             0.79487,             0.86695,             0.56349,            0.032594,            0.010536,           0.0028645,            0.006238,            0.006238,            0.006238
                  40,            0.031585,            0.014347,           0.0017657,             0.92495,             0.84457,             0.88425,              0.5993,            0.031143,            0.010288,           0.0028069,            0.006139,            0.006139,            0.006139
                  41,            0.030524,            0.012805,           0.0018816,             0.90389,             0.83654,             0.88627,             0.55507,            0.031135,            0.010078,           0.0025497,             0.00604,             0.00604,             0.00604
                  42,            0.029599,            0.015273,           0.0020551,             0.92371,             0.83654,             0.88867,             0.58496,            0.028496,           0.0099907,           0.0024345,            0.005941,            0.005941,            0.005941
                  43,             0.03034,            0.014535,           0.0017871,             0.81873,             0.83547,              0.8076,             0.48844,            0.032287,           0.0098019,           0.0021828,            0.005842,            0.005842,            0.005842
                  44,            0.029548,            0.014197,           0.0016821,             0.84595,             0.87168,             0.88164,              0.5966,            0.029583,           0.0098667,           0.0021793,            0.005743,            0.005743,            0.005743
                  45,            0.028731,            0.014496,           0.0017847,             0.87552,             0.86325,             0.88803,             0.57338,            0.031201,            0.010061,           0.0021297,            0.005644,            0.005644,            0.005644
                  46,            0.028497,            0.014093,           0.0017062,             0.86192,             0.83654,             0.86476,             0.58278,            0.030425,            0.010466,           0.0023045,            0.005545,            0.005545,            0.005545
                  47,            0.027401,            0.012737,           0.0015963,             0.84117,             0.86325,             0.87888,             0.56796,            0.035413,            0.010374,           0.0021889,            0.005446,            0.005446,            0.005446
                  48,             0.02902,            0.014495,           0.0016608,             0.84601,             0.86325,              0.8854,             0.59367,            0.027766,           0.0095739,           0.0021053,            0.005347,            0.005347,            0.005347
                  49,            0.027569,             0.01256,           0.0015099,              0.8227,             0.88996,             0.88142,             0.58781,            0.030863,           0.0095863,           0.0019512,            0.005248,            0.005248,            0.005248
                  50,            0.026287,            0.013445,           0.0014198,             0.87185,             0.85816,             0.89073,             0.61257,            0.027472,           0.0094471,           0.0019093,            0.005149,            0.005149,            0.005149
                  51,            0.026885,            0.013114,           0.0016983,             0.83823,             0.87714,             0.88468,             0.54823,             0.03105,           0.0097504,           0.0019936,             0.00505,             0.00505,             0.00505
                  52,            0.027266,            0.013401,           0.0016116,             0.88079,             0.85821,             0.89772,             0.60356,            0.028728,            0.010075,           0.0022106,            0.004951,            0.004951,            0.004951
                  53,            0.025356,            0.012481,           0.0015084,              0.9238,             0.79135,             0.87931,              0.5797,            0.029355,            0.010189,           0.0024117,            0.004852,            0.004852,            0.004852
                  54,            0.025925,            0.012858,           0.0014613,             0.86971,              0.8515,             0.89817,             0.59632,            0.028146,           0.0099678,           0.0025074,            0.004753,            0.004753,            0.004753
                  55,            0.025359,            0.011695,           0.0014512,             0.89151,             0.86288,             0.90326,             0.59207,            0.030562,           0.0098114,           0.0024311,            0.004654,            0.004654,            0.004654
                  56,            0.025152,            0.013338,           0.0015175,             0.91751,             0.85651,              0.8895,             0.60716,            0.027489,            0.010004,           0.0025169,            0.004555,            0.004555,            0.004555
                  57,            0.024345,             0.01191,           0.0016836,             0.91946,             0.87186,             0.88304,             0.56528,            0.029201,            0.010309,           0.0025101,            0.004456,            0.004456,            0.004456
                  58,            0.024675,             0.01276,           0.0016844,             0.91005,             0.85043,             0.86372,             0.58385,            0.027391,            0.010135,           0.0025242,            0.004357,            0.004357,            0.004357
                  59,            0.023866,            0.011648,           0.0014667,             0.88224,             0.79487,             0.83746,             0.53304,            0.032151,            0.010746,           0.0023815,            0.004258,            0.004258,            0.004258
                  60,            0.024558,            0.012502,           0.0013273,             0.89837,             0.85789,             0.86254,             0.60709,            0.026737,             0.01023,           0.0022789,            0.004159,            0.004159,            0.004159
                  61,            0.023338,            0.012165,           0.0014785,             0.89457,              0.8584,             0.87183,             0.56584,            0.028324,           0.0096712,           0.0021591,             0.00406,             0.00406,             0.00406
                  62,             0.02323,            0.011785,           0.0014136,             0.92595,             0.86325,             0.90812,             0.63136,            0.025444,           0.0089455,           0.0020685,            0.003961,            0.003961,            0.003961
                  63,            0.022665,            0.011915,           0.0012254,             0.91049,             0.88518,             0.90687,             0.59514,            0.029197,            0.009203,           0.0020647,            0.003862,            0.003862,            0.003862
                  64,            0.023105,            0.012611,           0.0013926,             0.93082,             0.85393,              0.9031,             0.61975,            0.025742,           0.0090399,            0.002099,            0.003763,            0.003763,            0.003763
                  65,             0.02243,            0.012052,           0.0011323,             0.92196,             0.85043,             0.89913,             0.59896,            0.028051,           0.0094709,           0.0020391,            0.003664,            0.003664,            0.003664
                  66,            0.022352,            0.011753,           0.0011938,             0.92217,             0.85043,             0.88519,             0.62521,            0.026322,           0.0095558,           0.0019833,            0.003565,            0.003565,            0.003565
                  67,            0.022055,            0.011996,           0.0012981,             0.90443,              0.8403,              0.8699,             0.59524,            0.027242,            0.009532,           0.0019112,            0.003466,            0.003466,            0.003466
                  68,            0.022226,            0.011213,           0.0011448,             0.91005,             0.87673,             0.89399,             0.62295,            0.025903,            0.009305,           0.0018766,            0.003367,            0.003367,            0.003367
                  69,            0.021574,            0.012151,           0.0014312,             0.91232,              0.8722,             0.89363,             0.61405,            0.026353,           0.0091972,           0.0018393,            0.003268,            0.003268,            0.003268
                  70,            0.020325,             0.01124,           0.0010752,             0.91224,             0.86846,              0.8972,              0.6256,            0.026126,           0.0093212,           0.0018278,            0.003169,            0.003169,            0.003169
                  71,            0.019832,            0.011093,           0.0012434,             0.91059,             0.86781,             0.89686,             0.60354,            0.026848,           0.0094204,            0.001849,             0.00307,             0.00307,             0.00307
                  72,            0.021144,            0.010848,            0.001252,             0.91052,             0.86834,             0.89664,             0.62886,            0.025682,           0.0094109,            0.001947,            0.002971,            0.002971,            0.002971
                  73,            0.020088,            0.011591,           0.0013165,               0.906,             0.86432,             0.89614,             0.64685,             0.02482,           0.0094748,           0.0019733,            0.002872,            0.002872,            0.002872
                  74,            0.019921,            0.011032,            0.001249,             0.90653,             0.86432,             0.89263,             0.62344,            0.024664,           0.0095844,           0.0019888,            0.002773,            0.002773,            0.002773
                  75,            0.019029,            0.011121,           0.0011306,             0.88096,             0.88408,             0.89192,             0.62207,            0.025852,           0.0095673,           0.0019583,            0.002674,            0.002674,            0.002674
                  76,            0.019927,            0.011657,           0.0011461,             0.91198,             0.86121,             0.89385,             0.63414,            0.024807,           0.0093298,           0.0019466,            0.002575,            0.002575,            0.002575
                  77,            0.017961,            0.010268,          0.00099257,             0.90851,             0.86904,             0.89317,             0.63033,            0.025844,           0.0095377,           0.0019609,            0.002476,            0.002476,            0.002476
                  78,            0.019675,            0.010977,           0.0011593,             0.91748,             0.85043,             0.89067,             0.63948,            0.024641,           0.0094252,           0.0019726,            0.002377,            0.002377,            0.002377
                  79,            0.018859,            0.011166,           0.0010473,             0.89354,             0.82265,             0.87638,             0.63104,            0.025247,           0.0094566,           0.0019766,            0.002278,            0.002278,            0.002278
                  80,            0.018179,            0.010491,           0.0011087,             0.89194,             0.82265,             0.87412,             0.63519,            0.025203,           0.0094748,           0.0019106,            0.002179,            0.002179,            0.002179
                  81,            0.018346,            0.010851,          0.00094059,             0.90321,             0.82265,             0.87526,             0.63048,            0.024428,           0.0094414,           0.0018887,             0.00208,             0.00208,             0.00208
                  82,            0.018348,            0.010959,           0.0010358,             0.91106,             0.82265,             0.87805,              0.6435,            0.023989,           0.0093098,           0.0018311,            0.001981,            0.001981,            0.001981
                  83,            0.017587,            0.010837,            0.001031,             0.93543,             0.84988,             0.88979,             0.62886,            0.024867,           0.0094547,           0.0017767,            0.001882,            0.001882,            0.001882
                  84,            0.016527,           0.0095209,          0.00089083,             0.91084,             0.85043,             0.88431,             0.63318,            0.024085,           0.0094671,           0.0017542,            0.001783,            0.001783,            0.001783
                  85,            0.017542,           0.0089889,           0.0010635,             0.90761,             0.85043,             0.87529,             0.64127,            0.024571,           0.0096531,           0.0017683,            0.001684,            0.001684,            0.001684
                  86,            0.016825,           0.0095131,           0.0011246,             0.93344,             0.86931,             0.88806,             0.65271,            0.023872,           0.0095129,           0.0017452,            0.001585,            0.001585,            0.001585
                  87,            0.016953,            0.010905,           0.0011315,             0.92393,             0.85257,             0.87167,             0.65589,            0.024691,           0.0097675,           0.0018007,            0.001486,            0.001486,            0.001486
                  88,            0.017187,             0.01034,           0.0010564,             0.93216,             0.86347,             0.88103,             0.64583,            0.024128,           0.0098133,           0.0018463,            0.001387,            0.001387,            0.001387
                  89,            0.017419,            0.010945,            0.001289,             0.92361,             0.84094,             0.86674,             0.64022,            0.023825,           0.0098648,           0.0018797,            0.001288,            0.001288,            0.001288
                  90,            0.016456,           0.0094691,           0.0009778,              0.9103,             0.85747,             0.87784,             0.63741,            0.023807,           0.0099487,             0.00191,            0.001189,            0.001189,            0.001189
                  91,            0.016068,            0.011038,           0.0011484,             0.89231,             0.84849,             0.86389,             0.63878,            0.023875,           0.0099754,            0.001936,             0.00109,             0.00109,             0.00109
                  92,            0.015826,           0.0093578,           0.0010417,             0.89437,             0.85043,             0.86486,             0.64527,             0.02385,           0.0099325,           0.0018875,            0.000991,            0.000991,            0.000991
                  93,            0.016262,           0.0098815,           0.0010051,             0.89455,             0.85043,             0.86288,             0.63693,            0.023621,           0.0099525,            0.001893,            0.000892,            0.000892,            0.000892
                  94,             0.01561,            0.010163,          0.00086048,             0.90897,             0.84762,             0.86348,              0.6456,            0.023286,           0.0098534,           0.0018373,            0.000793,            0.000793,            0.000793
                  95,            0.015301,           0.0097305,          0.00099591,             0.90752,             0.85043,             0.86412,             0.64486,            0.023127,           0.0098181,           0.0017969,            0.000694,            0.000694,            0.000694
                  96,            0.014884,           0.0094678,          0.00091118,             0.90852,             0.84728,             0.86702,             0.65028,            0.023273,           0.0096512,           0.0017113,            0.000595,            0.000595,            0.000595
                  97,            0.014637,             0.01044,          0.00091738,             0.90798,             0.84475,             0.86941,             0.65634,            0.022961,           0.0095329,           0.0016727,            0.000496,            0.000496,            0.000496
                  98,            0.014328,           0.0093012,          0.00091938,             0.89395,             0.83654,             0.86936,             0.65701,            0.022866,           0.0094833,           0.0016531,            0.000397,            0.000397,            0.000397
                  99,            0.014992,           0.0097214,          0.00090456,             0.90784,             0.85155,             0.88495,             0.65003,            0.022873,           0.0095463,           0.0016676,            0.000298,            0.000298,            0.000298
